count,base_pos,outs_when_up,n,xR_vs_xR28,xR,xR28,weight,xRp,diff
0-0,000,0,32804,0.004,0.49387269845140835,0.48962984633387735,0.9924366188660979,0.4938406081437487,-3.2090307659660144e-5
0-0,000,1,24326,0.003,0.26264079585628547,0.26008141392281137,0.9898274739583334,0.2626147604769166,-2.6035379368849476e-5
0-0,000,2,19654,0.003,0.1030324615854279,0.09997459672297726,0.9874397106109325,0.10299405391784286,-3.840766758504699e-5
0-0,001,0,7823,0.002,0.8826537134091781,0.8808789650894914,0.9690325777282299,0.8825987540285362,-5.495938064192796e-5
0-0,001,1,9846,0.008,0.51868779199675,0.5108631496107254,0.9752377179080824,0.5184940359947189,-1.937560020310869e-4
0-0,001,2,10210,0.018,0.22761998041136142,0.20985695922107048,0.9760994263862333,0.22719543401579995,-4.2454639556147034e-4
0-0,010,0,2213,0.005,1.148215092634433,1.1427499732075876,0.8984977669508729,1.147660370808728,-5.547218257049291e-4
0-0,010,1,3283,0.004,0.6554980201035638,0.6513549471325537,0.9292386074157939,0.6552048504905572,-2.9316961300662747e-4
0-0,010,2,4223,0.018,0.3208619464835425,0.30252851810965675,0.9441090990386765,0.3198372746540161,-0.001024671829526369
0-0,011,0,1977,0.009,1.573090541224077,1.5638585026282141,0.8877413560844185,1.5720541650907291,-0.0010363761333478383
0-0,011,1,3487,0.01,0.9581301978778319,0.9482677902621723,0.9331014182499331,0.9574704167957033,-6.597810821286076e-4
0-0,011,2,4135,0.036,0.4607013301088271,0.42511068943706515,0.942987457240593,0.4586722171856935,-0.002029112923133569
0-0,100,0,212,-0.055,1.2924528301886793,1.3476044852191642,0.4588744588744589,1.3222967993610197,0.029843969172340445
0-0,100,1,984,0.003,0.9004065040650406,0.8972312297331005,0.7974068071312804,0.8997632150998989,-6.432889651417639e-4
0-0,100,2,1670,0.019,0.33652694610778444,0.31787709497206706,0.8697916666666666,0.33409858007448795,-0.002428366033296492
0-0,101,0,684,0.034,1.8391812865497077,1.8052609249045397,0.7323340471092077,1.8301019606275535,-0.009079325922154213
0-0,101,1,1495,0.048,1.2040133779264215,1.1564871016691958,0.8567335243553008,1.1972044558265322,-0.0068089220998892586
0-0,101,2,2165,0.045,0.4706697459584296,0.42596026490066224,0.8964803312629399,0.46604143528992364,-0.004628310668505942
0-0,110,0,398,0.08,2.042713567839196,1.9629408248655111,0.6141975308641975,2.0119370466302127,-0.030776521208983443
0-0,110,1,945,0.078,1.4042328042328043,1.3261243548783486,0.7907949790794979,1.3878921244515374,-0.016340679781266854
0-0,110,2,1029,0.101,0.630709426627794,0.5294473578055667,0.8045347928068803,0.6109162153646533,-0.019793211263140598
0-0,111,0,553,0.093,2.446654611211573,2.3540916109109626,0.688667496886675,2.4178367406323047,-0.028817870579268323
0-0,111,1,1171,0.047,1.5841161400512382,1.5369205683671092,0.8240675580577058,1.5758129078759868,-0.008303232175251418
0-0,111,2,1449,0.002,0.7743271221532091,0.7720456979650125,0.8528546203649205,0.7739914211249282,-3.357010282808437e-4
0-1,000,0,17134,-0.03,0.4593790124897864,0.48962984633387735,0.9856189599631845,0.4598140509424454,4.3503845265896457e-4
0-1,000,1,12781,-0.025,0.23495814099053283,0.26008141392281137,0.9808149796638784,0.23544013149264853,4.8199050211569783e-4
0-1,000,2,10196,-0.008,0.09199686151431934,0.09997459672297726,0.9760673942178825,0.09218778950610226,1.9092799178292708e-4
0-1,001,0,3795,-0.071,0.8097496706192359,0.8808789650894914,0.9381953028430161,0.8141457951229599,0.004396124503724064
0-1,001,1,4825,-0.03,0.4806217616580311,0.5108631496107254,0.9507389162561576,0.4821114852024988,0.0014897235444676915
0-1,001,2,4910,-0.035,0.17535641547861508,0.20985695922107048,0.9515503875968992,0.17702795345063327,0.0016715379720181889
0-1,010,0,1068,-0.075,1.0674157303370786,1.1427499732075876,0.8103186646433991,1.0817052301228351,0.014289499785756554
0-1,010,1,1622,-0.096,0.5554870530209618,0.6513549471325537,0.8664529914529915,0.5682899234952663,0.012802870474304506
0-1,010,2,2107,-0.01,0.292358803986711,0.30252851810965675,0.8939329656342808,0.29343747540407905,0.00107867141736806
0-1,011,0,879,-0.132,1.4323094425483505,1.5638585026282141,0.7785651018600531,1.4614389952675408,0.029129552719190377
0-1,011,1,1731,-0.105,0.8434430964760254,0.9482677902621723,0.8738011105502271,0.8566718564187497,0.01322875994272421
0-1,011,2,1988,-0.049,0.3762575452716298,0.42511068943706515,0.8882931188561215,0.38171477764042283,0.00545723236879303
0-1,100,0,119,-0.112,1.2352941176470589,1.3476044852191642,0.3224932249322493,1.3113851525875098,0.07609103494045089
0-1,100,1,463,-0.035,0.8617710583153347,0.8972312297331005,0.6493688639551192,0.8742044985038921,0.01243344018855741
0-1,100,2,833,-0.033,0.2845138055222089,0.31787709497206706,0.7691597414589104,0.29221539588459533,0.007701590362386435
0-1,101,0,312,-0.078,1.7275641025641026,1.8052609249045397,0.5551601423487544,1.7621267459539767,0.034562643389874026
0-1,101,1,760,-0.038,1.118421052631579,1.1564871016691958,0.7524752475247525,1.1278433419973257,0.009422289365746739
0-1,101,2,1011,-0.015,0.410484668644906,0.42596026490066224,0.8017446471054719,0.4135527884418442,0.0030681197969381624
0-1,110,0,184,0.021,1.983695652173913,1.9629408248655111,0.423963133640553,1.9717401064893498,-0.011955545684563251
0-1,110,1,452,0.03,1.3561946902654867,1.3261243548783486,0.6438746438746439,1.3454858813669333,-0.010708808898553412
0-1,110,2,484,0.014,0.5433884297520661,0.5294473578055667,0.659400544959128,0.5386401082444029,-0.004748321507663245
0-1,111,0,256,-0.163,2.19140625,2.3540916109109626,0.5059288537549407,2.2717843927425703,0.08037814274257027
0-1,111,1,566,-0.032,1.5053003533568905,1.5369205683671092,0.6936274509803921,1.5149879192301192,0.00968756587322872
0-1,111,2,695,-0.171,0.6014388489208633,0.7720456979650125,0.7354497354497355,0.64657293596958,0.04513408704871669
0-2,000,0,8916,-0.094,0.395580978017048,0.48962984633387735,0.9727252891119355,0.39814613370973917,0.002565155692691168
0-2,000,1,6618,-0.064,0.19643396796615292,0.26008141392281137,0.9635993011065812,0.1987507794817564,0.0023168115156034785
0-2,000,2,5310,-0.041,0.05856873822975518,0.09997459672297726,0.9550359712230215,0.06043051244257992,0.0018617742128247405
0-2,001,0,2096,-0.15,0.7309160305343512,0.8808789650894914,0.8934356351236147,0.7468967354102186,0.015980704875867446
0-2,001,1,2463,-0.1,0.4108810393828664,0.5108631496107254,0.9078510873571692,0.42009428212409927,0.009213242741232863
0-2,001,2,2550,-0.076,0.13411764705882354,0.20985695922107048,0.9107142857142857,0.14088008564473845,0.006762438585914909
0-2,010,0,572,-0.162,0.9807692307692307,1.1427499732075876,0.6958637469586375,1.0300334468392907,0.04926421607005993
0-2,010,1,871,-0.191,0.46039035591274396,0.6513549471325537,0.7769848349687779,0.5029783557387497,0.04258799982600575
0-2,010,2,1143,-0.1,0.20297462817147857,0.30252851810965675,0.8205312275664034,0.2208414425896728,0.017866814418194238
0-2,011,0,449,-0.245,1.3184855233853006,1.5638585026282141,0.642346208869814,1.406244099652437,0.08775857626713646
0-2,011,1,936,-0.229,0.719017094017094,0.9482677902621723,0.7892074198988196,0.767341439768586,0.048324345751492026
0-2,011,2,1000,-0.149,0.276,0.42511068943706515,0.8,0.305822137887413,0.029822137887413003
0-2,100,0,59,-0.297,1.0508474576271187,1.3476044852191642,0.19093851132686085,1.2909421401449548,0.24009468251783606
0-2,100,1,254,-0.153,0.7440944881889764,0.8972312297331005,0.503968253968254,0.8200551734787205,0.07596068528974409
0-2,100,2,420,-0.092,0.2261904761904762,0.31787709497206706,0.6268656716417911,0.26040190110898026,0.03421142491850407
0-2,101,0,171,-0.256,1.5497076023391814,1.8052609249045397,0.40617577197149646,1.7014613568316745,0.15175375449249318
0-2,101,1,410,-0.066,1.0902439024390245,1.1564871016691958,0.6212121212121212,1.115336023359544,0.02509212092051949
0-2,101,2,444,-0.138,0.2882882882882883,0.42596026490066224,0.6397694524495677,0.337881939805714,0.04959365151742573
0-2,110,0,120,-0.363,1.6,1.9629408248655111,0.32432432432432434,1.8452302870712913,0.24523028707129124
0-2,110,1,276,-0.076,1.25,1.3261243548783486,0.5247148288973384,1.2861807770334357,0.036180777033435696
0-2,110,2,268,-0.082,0.44776119402985076,0.5294473578055667,0.5173745173745173,0.4871850182459299,0.03942382421607915
0-2,111,0,157,-0.431,1.9235668789808917,2.3540916109109626,0.3857493857493858,2.1880169600190187,0.26445008103812695
0-2,111,1,315,-0.264,1.273015873015873,1.5369205683671092,0.5575221238938053,1.3897878621093405,0.11677198909346753
0-2,111,2,375,-0.175,0.5973333333333334,0.7720456979650125,0.6,0.6672182791860051,0.06988494585267169
1-0,000,0,12089,0.04,0.5294068988336504,0.48962984633387735,0.9797390388200016,0.5286009775170978,-8.059213165526602e-4
1-0,000,1,9016,0.032,0.292036379769299,0.26008141392281137,0.9730196417008418,0.2911742233413234,-8.621564279756022e-4
1-0,000,2,7419,0.012,0.11174012670171182,0.09997459672297726,0.9674012257139132,0.11135658484557887,-3.835418561329573e-4
1-0,001,0,2835,0.075,0.9555555555555556,0.8808789650894914,0.9189627228525121,0.9495039679975277,-0.006051587558027927
1-0,001,1,3558,0.047,0.5581787521079258,0.5108631496107254,0.9343487394957983,0.5550724231624689,-0.0031063289454569265
1-0,001,2,3686,0.058,0.2677699403147043,0.20985695922107048,0.9364837398373984,0.2640915243407692,-0.0036784159739350897
1-0,010,0,952,0.063,1.2058823529411764,1.1427499732075876,0.7920133111480865,1.1927516583210456,-0.013130694620130834
1-0,010,1,1436,0.102,0.7534818941504178,0.6513549471325537,0.8517200474495848,0.7383385152924901,-0.015143378857927714
1-0,010,2,1955,0.035,0.3370843989769821,0.30252851810965675,0.8866213151927438,0.3331664986518885,-0.003917900325093593
1-0,011,0,744,0.128,1.6922043010752688,1.5638585026282141,0.7484909456740443,1.6599241706811405,-0.03228013039412825
1-0,011,1,1265,0.147,1.0948616600790513,0.9482677902621723,0.834983498349835,1.0706712525185103,-0.024190407560541027
1-0,011,2,1615,0.075,0.5003095975232198,0.42511068943706515,0.8659517426273459,0.49022931493794436,-0.010080282585275435
1-0,100,0,85,0.017,1.3647058823529412,1.3476044852191642,0.2537313432835821,1.3519436456859433,-0.01276223666699794
1-0,100,1,404,0.078,0.9752475247524752,0.8972312297331005,0.617737003058104,0.9454247820080659,-0.029822742744409325
1-0,100,2,734,0.05,0.3678474114441417,0.31787709497206706,0.7459349593495935,0.35515170095835036,-0.012695710485791323
1-0,101,0,240,0.066,1.8708333333333333,1.8052609249045397,0.4897959183673469,1.8373780229104795,-0.03345531042285388
1-0,101,1,497,0.143,1.2997987927565393,1.1564871016691958,0.6653279785809906,1.2518363794073615,-0.047962413349177835
1-0,101,2,777,0.022,0.44787644787644787,0.42596026490066224,0.7565725413826679,0.4425414471520599,-0.005335000724387973
1-0,110,0,180,0.065,2.0277777777777777,1.9629408248655111,0.4186046511627907,1.9900818749218085,-0.03769590285596913
1-0,110,1,428,0.055,1.3808411214953271,1.3261243548783486,0.6312684365781711,1.3606653225952612,-0.020175798900065933
1-0,110,2,527,0.068,0.5977229601518027,0.5294473578055667,0.6782496782496783,0.5757552631292042,-0.021967697022598487
1-0,111,0,210,0.265,2.619047619047619,2.3540916109109626,0.45652173913043476,2.4750497885385663,-0.1439978305090528
1-0,111,1,446,0.089,1.6255605381165918,1.5369205683671092,0.6408045977011494,1.5937214685226686,-0.03183906959392324
1-0,111,2,577,0.197,0.9688041594454073,0.7720456979650125,0.6977025392986699,0.9093245761683835,-0.05947958327702385
1-1,000,0,13218,0.004,0.49402330155848084,0.48962984633387735,0.9814374814374814,0.49394174796432055,-8.155359416028851e-5
1-1,000,1,10000,-0.006,0.2544,0.26008141392281137,0.975609756097561,0.2545385710712881,1.3857107128806279e-4
1-1,000,2,7909,-0.001,0.09912757617903654,0.09997459672297726,0.9693589900723127,0.09915352974393238,2.595356489583367e-5
1-1,001,0,2740,-0.032,0.8485401459854015,0.8808789650894914,0.9163879598662207,0.8512440606262117,0.002703914640810212
1-1,001,1,3458,-0.019,0.49219201850780797,0.5108631496107254,0.9325782092772384,0.49345085960158613,0.0012588410937781624
1-1,001,2,3563,-0.006,0.2037608756665731,0.20985695922107048,0.93443482821925,0.20416056643201352,3.996907654404136e-4
1-1,010,0,927,0.07,1.2125134843581447,1.1427499732075876,0.7875955819881053,1.1976954063737444,-0.014818077984400269
1-1,010,1,1473,0.007,0.658520027155465,0.6513549471325537,0.8549042367962856,0.657480404401125,-0.0010396227543399972
1-1,010,2,1895,0.008,0.3108179419525066,0.30252851810965675,0.8834498834498834,0.3098518086374891,-9.661333150174922e-4
1-1,011,0,701,-0.112,1.4522111269614837,1.5638585026282141,0.7371188222923238,1.481561120564725,0.02934999360324131
1-1,011,1,1235,-0.011,0.9368421052631579,0.9482677902621723,0.8316498316498316,0.938765621256258,0.0019235159931000334
1-1,011,2,1606,-0.013,0.4122042341220423,0.42511068943706515,0.865301724137931,0.41394271140046673,0.0017384772784244107
1-1,100,0,84,0.343,1.6904761904761905,1.3476044852191642,0.25149700598802394,1.4338356925293145,-0.25664049794687593
1-1,100,1,390,0.008,0.9051282051282051,0.8972312297331005,0.609375,0.9020434491144924,-0.0030847560137127195
1-1,100,2,707,0.009,0.32673267326732675,0.31787709497206706,0.7387669801462905,0.3244193038067051,-0.0023133694606216615
1-1,101,0,208,-0.022,1.7836538461538463,1.8052609249045397,0.45414847161572053,1.7954481031138319,0.011794256959985594
1-1,101,1,515,-0.085,1.0718446601941747,1.1564871016691958,0.673202614379085,1.099505588780783,0.02766092858660829
1-1,101,2,802,-0.022,0.40399002493765584,0.42596026490066224,0.7623574144486692,0.4092110895676479,0.005221064629992056
1-1,110,0,154,0.063,2.0259740259740258,1.9629408248655111,0.3811881188118812,1.9869683322187566,-0.03900569375526919
1-1,110,1,364,0.001,1.3269230769230769,1.3261243548783486,0.5928338762214984,1.3265978643641483,-3.2521255892858925e-4
1-1,110,2,496,0.029,0.5584677419354839,0.5294473578055667,0.6648793565683646,0.5487424121332328,-0.009725329802251048
1-1,111,0,190,-0.001,2.3526315789473684,2.3540916109109626,0.4318181818181818,2.353461142563047,8.295636156785413e-4
1-1,111,1,415,-0.036,1.5012048192771084,1.5369205683671092,0.6240601503759399,1.5146317926192139,0.01342697334210552
1-1,111,2,545,-0.095,0.6770642201834862,0.7720456979650125,0.6855345911949685,0.7069326094229599,0.02986838923947366
1-2,000,0,13334,-0.067,0.4223038848057597,0.48962984633387735,0.9815959952885748,0.42354295211892445,0.0012390673131647545
1-2,000,1,9787,-0.059,0.20108306937774598,0.26008141392281137,0.9750921590116569,0.20255259076224993,0.0014695213845039579
1-2,000,2,7937,-0.031,0.069421695854857,0.09997459672297726,0.9694637840478808,0.07035466583372961,9.329699788726137e-4
1-2,001,0,2614,-0.096,0.7850038255547054,0.8808789650894914,0.9127094972067039,0.7933728146900743,0.008368989135368876
1-2,001,1,3317,-0.095,0.41573711184805545,0.5108631496107254,0.9299130922343706,0.4224042016828375,0.006667089834782036
1-2,001,2,3382,-0.074,0.1357185097575399,0.20985695922107048,0.9311674008810573,0.1408216519287631,0.0051031421712231795
1-2,010,0,912,-0.183,0.9594298245614035,1.1427499732075876,0.7848537005163512,0.9988704761634224,0.03944065160201893
1-2,010,1,1395,-0.092,0.5591397849462365,0.6513549471325537,0.8480243161094225,0.5731542472845825,0.014014462338346023
1-2,010,2,1900,-0.041,0.2615789473684211,0.30252851810965675,0.8837209302325582,0.26634052536158803,0.004761577993166954
1-2,011,0,682,-0.125,1.43841642228739,1.5638585026282141,0.7317596566523605,1.472065048988255,0.03364862670086488
1-2,011,1,1259,-0.114,0.8339952343129468,0.9482677902621723,0.8343273691186216,0.8529270692945945,0.018931834981647744
1-2,011,2,1527,-0.1,0.32481990831696134,0.42511068943706515,0.859313449634215,0.3389294723462387,0.014109564029277377
1-2,100,0,101,-0.169,1.1782178217821782,1.3476044852191642,0.28774928774928776,1.2988635934609432,0.120645771678765
1-2,100,1,381,-0.065,0.8320209973753281,0.8972312297331005,0.6038034865293186,0.8578570640780905,0.025836066702762395
1-2,100,2,657,-0.048,0.2694063926940639,0.31787709497206706,0.7243660418963617,0.282766564215013,0.013360171520949093
1-2,101,0,207,-0.027,1.7777777777777777,1.8052609249045397,0.45295404814004375,1.7928123221578445,0.015034544380066794
1-2,101,1,495,-0.169,0.9878787878787879,1.1564871016691958,0.6644295302013423,1.0444587589493946,0.05657997107060664
1-2,101,2,636,-0.116,0.30974842767295596,0.42596026490066224,0.7178329571106095,0.34253957813224106,0.0327911504592851
1-2,110,0,172,-0.195,1.7674418604651163,1.9629408248655111,0.4075829383886256,1.883258782503265,0.11581692203814864
1-2,110,1,397,-0.145,1.181360201511335,1.3261243548783486,0.6136012364760433,1.2372968913749416,0.05593668986360667
1-2,110,2,484,-0.168,0.3615702479338843,0.5294473578055667,0.659400544959128,0.4187491000700159,0.05717885213613161
1-2,111,0,170,0.016,2.3705882352941177,2.3540916109109626,0.40476190476190477,2.3607688160184304,-0.009819419275687302
1-2,111,1,421,-0.145,1.3919239904988123,1.5369205683671092,0.6274217585692996,1.445946560494452,0.05402256999563959
1-2,111,2,518,-0.191,0.581081081081081,0.7720456979650125,0.6744791666666666,0.6432440423063192,0.06216296122523812
2-0,000,0,3960,0.103,0.5926767676767677,0.48962984633387735,0.9406175771971497,0.5865575918250521,-0.006119175851715619
2-0,000,1,2988,0.099,0.3591030789825971,0.26008141392281137,0.922791846819024,0.3514577990984259,-0.0076452798841711855
2-0,000,2,2544,0.036,0.1363993710691824,0.09997459672297726,0.9105225483178239,0.13314017508258566,-0.0032591959865967413
2-0,001,0,921,0.181,1.0618892508143323,0.8808789650894914,0.7865072587532024,1.0232448687210698,-0.038644382093262486
2-0,001,1,1173,0.159,0.670076726342711,0.5108631496107254,0.8243148278285313,0.6421052617025168,-0.027971464640194177
2-0,001,2,1212,0.1,0.3102310231023102,0.20985695922107048,0.8290013679890561,0.29306719548923915,-0.01716382761307106
2-0,010,0,378,0.077,1.2195767195767195,1.1427499732075876,0.6019108280254777,1.1889928237291352,-0.030583895847584364
2-0,010,1,552,0.131,0.782608695652174,0.6513549471325537,0.6882793017456359,0.7416941855151352,-0.04091451013703873
2-0,010,2,833,0.074,0.37695078031212487,0.30252851810965675,0.7691597414589104,0.35977112606409434,-0.01717965424803053
2-0,011,0,238,0.369,1.9327731092436975,1.5638585026282141,0.48770491803278687,1.7437799706087163,-0.18899313863498124
2-0,011,1,418,0.336,1.284688995215311,0.9482677902621723,0.625748502994012,1.1587828556370408,-0.12590613957827035
2-0,011,2,541,0.122,0.5471349353049908,0.42511068943706515,0.683944374209861,0.50856848591563375,-0.03856644938935705
2-0,100,0,46,-0.087,1.2608695652173914,1.3476044852191642,0.1554054054054054,1.3341254098134834,0.07325584459609202
2-0,100,1,155,0.09,0.9870967741935484,0.8972312297331005,0.38271604938271603,0.9316242158846301,-0.055472558308918285
2-0,100,2,322,0.083,0.40062111801242234,0.31787709497206706,0.5629370629370629,0.36445677227800133,-0.03616434573442101
2-0,101,0,89,0.172,1.9775280898876404,1.8052609249045397,0.26253687315634217,1.8504874077467106,-0.12704068214092978
2-0,101,1,161,0.322,1.4782608695652173,1.1564871016691958,0.39172749391727496,1.2825347333754231,-0.19572613618979418
2-0,101,2,248,0.01,0.43548387096774194,0.42596026490066224,0.4979919678714859,0.4307029442272401,-0.004780926740501845
2-0,110,0,76,0.024,1.986842105263158,1.9629408248655111,0.2331288343558282,1.9685129025042263,-0.018329202758931684
2-0,110,1,196,0.062,1.3877551020408163,1.3261243548783486,0.43946188340807174,1.3532087191022133,-0.034546382938603015
2-0,110,2,229,0.016,0.5458515283842795,0.5294473578055667,0.4780793319415449,0.5372898527168929,-0.008561675667386637
2-0,111,0,64,0.349,2.703125,2.3540916109109626,0.20382165605095542,2.4252321742921676,-0.27789282570783236
2-0,111,1,142,0.153,1.6901408450704225,1.5369205683671092,0.3622448979591837,1.5924238318667787,-0.09771701320364379
2-0,111,2,213,0.345,1.1173708920187793,0.7720456979650125,0.46004319654427644,0.93091020408478,-0.18646068793399928
2-1,000,0,6643,0.039,0.5291284058407346,0.48962984633387735,0.9637313216306398,0.5276958452899273,-0.0014325605508073158
2-1,000,1,5084,0.051,0.31136900078678204,0.26008141392281137,0.9531308586426697,0.3089651956281782,-0.0024038051586038334
2-1,000,2,4123,0.024,0.12369633761823914,0.09997459672297726,0.9428310084610108,0.12234018961370782,-0.0013561480045313212
2-1,001,0,1397,0.106,0.9871152469577666,0.8808789650894914,0.8482088646023073,0.9709895211125519,-0.016125725845214767
2-1,001,1,1729,0.084,0.5951417004048583,0.5108631496107254,0.8736735725113693,0.5844950921691163,-0.010646608235741928
2-1,001,2,1757,0.041,0.2504268639726807,0.20985695922107048,0.8754359740906826,0.2453733133060626,-0.005053550666618112
2-1,010,0,535,0.145,1.2878504672897195,1.1427499732075876,0.6815286624203821,1.2416401188559196,-0.0462103484337999
2-1,010,1,834,0.027,0.6786570743405276,0.6513549471325537,0.7693726937269373,0.6723604582870281,-0.006296616053499515
2-1,010,2,1100,0.015,0.31727272727272726,0.30252851810965675,0.8148148148148148,0.3145423181684549,-0.0027304091042723577
2-1,011,0,326,-0.012,1.5521472392638036,1.5638585026282141,0.5659722222222222,1.557230252876829,0.005083013613025322
2-1,011,1,592,0.047,0.9949324324324325,0.9482677902621723,0.7030878859857482,0.981077134875942,-0.013855297556490509
2-1,011,2,830,0.012,0.43734939759036146,0.42511068943706515,0.7685185185185185,0.43451636329561694,-0.0028330342947445186
2-1,100,0,48,0.319,1.6666666666666667,1.3476044852191642,0.1610738255033557,1.3989970513583594,-0.26766961530830735
2-1,100,1,229,0.033,0.9301310043668122,0.8972312297331005,0.4780793319415449,0.9129599320110129,-0.01717107235579929
2-1,100,2,426,0.018,0.33568075117370894,0.31787709497206706,0.6301775147928994,0.32909655879144495,-0.006584192382263987
2-1,101,0,100,0.125,1.93,1.8052609249045397,0.2857142857142857,1.8409006606460998,-0.08909933935390013
2-1,101,1,231,0.03,1.1861471861471862,1.1564871016691958,0.4802494802494803,1.1707313418239063,-0.015415844323279915
2-1,101,2,406,0.015,0.4408866995073892,0.42596026490066224,0.6189024390243902,0.4351982716847036,-0.005688427822685582
2-1,110,0,85,-0.01,1.9529411764705882,1.9629408248655111,0.2537313432835821,1.9604036006459038,0.007462424175315618
2-1,110,1,208,-0.047,1.2788461538461537,1.3261243548783486,0.45414847161572053,1.3046530321388365,0.0258068782926828
2-1,110,2,309,0.034,0.5631067961165048,0.5294473578055667,0.552772808586762,0.5480533800561569,-0.015053416060347935
2-1,111,0,90,0.124,2.477777777777778,2.3540916109109626,0.2647058823529412,2.386832066846296,-0.09094571093148174
2-1,111,1,220,0.095,1.6318181818181818,1.5369205683671092,0.46808510638297873,1.5813407278548453,-0.05047745396333658
2-1,111,2,308,0.173,0.9448051948051948,0.7720456979650125,0.5519713261648745,0.8674039865434644,-0.07740120826173036
2-2,000,0,11460,-0.037,0.4525305410122164,0.48962984633387735,0.9786507258753202,0.45332258425136374,7.920432391473331e-4
2-2,000,1,8555,-0.024,0.2360023378141438,0.26008141392281137,0.9716070414537195,0.23668601402392994,6.836762097861548e-4
2-2,000,2,6953,-0.012,0.08845102833309362,0.09997459672297726,0.9652922393447175,0.08885098558666447,3.999572535708512e-4
2-2,001,0,2002,-0.051,0.8301698301698301,0.8808789650894914,0.88898756660746,0.8357991746324924,0.005629344462662278
2-2,001,1,2594,-0.071,0.43986121819583657,0.5108631496107254,0.9120956399437412,0.4461025975396207,0.006241379343784159
2-2,001,2,2668,-0.051,0.15892053973013492,0.20985695922107048,0.914324880054832,0.16328452357959822,0.004363983849463293
2-2,010,0,843,-0.079,1.0640569395017794,1.1427499732075876,0.7712717291857274,1.0820562610264381,0.017999321524658773
2-2,010,1,1291,-0.019,0.6320681642137878,0.6513549471325537,0.8377676833225178,0.6351971036879548,0.0031289394741670362
2-2,010,2,1816,-0.045,0.2577092511013216,0.30252851810965675,0.8789932236205228,0.2631326861216913,0.005423435020369682
2-2,011,0,542,-0.018,1.5461254612546125,1.5638585026282141,0.6843434343434344,1.5517230121932493,0.005597550938636786
2-2,011,1,960,-0.044,0.9041666666666667,0.9482677902621723,0.7933884297520661,0.9132784690624323,0.00911180239576559
2-2,011,2,1264,-0.108,0.317246835443038,0.42511068943706515,0.8348745046235139,0.3350579077670187,0.017811072323980714
2-2,100,0,87,0.147,1.4942528735632183,1.3476044852191642,0.258160237388724,1.3854632679667391,-0.10878960559647921
2-2,100,1,339,-0,0.8967551622418879,0.8972312297331005,0.5755517826825127,0.8969572282398559,2.0206599796801505e-4
2-2,100,2,658,-0.076,0.24164133738601823,0.31787709497206706,0.724669603524229,0.2626313587478158,0.020990021361797562
2-2,101,0,169,0.023,1.8284023668639053,1.8052609249045397,0.4033412887828162,1.814594823928723,-0.013807542935182271
2-2,101,1,351,-0.088,1.0683760683760684,1.1564871016691958,0.5840266222961731,1.105027912507985,0.03665184413191658
2-2,101,2,497,-0.064,0.36217303822937624,0.42596026490066224,0.6653279785809906,0.3835208383201681,0.021347800090791846
2-2,110,0,131,-0.192,1.7709923664122138,1.9629408248655111,0.3438320209973753,1.8969427984681833,0.12595043205596945
2-2,110,1,349,-0.249,1.0773638968481376,1.3261243548783486,0.5826377295492488,1.1811871264099953,0.10382322956185774
2-2,110,2,509,-0.093,0.4361493123772102,0.5294473578055667,0.6706192358366272,0.46687989387535134,0.03073058149814112
2-2,111,0,129,-0.447,1.9069767441860466,2.3540916109109626,0.3403693931398417,2.201907395060002,0.2949306508739553
2-2,111,1,307,-0.003,1.5342019543973942,1.5369205683671092,0.5511669658886894,1.5354221581539989,0.0012202037566046986
2-2,111,2,471,-0.016,0.7558386411889597,0.7720456979650125,0.6532593619972261,0.7614582863956354,0.005619645206675683
3-0,000,0,1196,0.27,0.7600334448160535,0.48962984633387735,0.8271092669432918,0.7132831684532983,-0.046750276362755194
3-0,000,1,876,0.189,0.4486301369863014,0.26008141392281137,0.7779751332149201,0.4067676318656331,-0.0418625051206683
3-0,000,2,777,0.089,0.1891891891891892,0.09997459672297726,0.7565725413826679,0.16747190767355824,-0.02171728151563096
3-0,001,0,270,0.434,1.3148148148148149,0.8808789650894914,0.5192307692307693,1.1061918101391786,-0.20862300467563633
3-0,001,1,380,0.223,0.7342105263157894,0.5108631496107254,0.6031746031746031,0.645580614924891,-0.08862991139089837
3-0,001,2,348,0.224,0.4339080459770115,0.20985695922107048,0.5819397993311036,0.34024120368773847,-0.09366684228927302
3-0,010,0,157,0.239,1.3821656050955413,1.1427499732075876,0.3857493857493858,1.2351044061471668,-0.14706119894837455
3-0,010,1,230,0.266,0.9173913043478261,0.6513549471325537,0.4791666666666667,0.7788307016315383,-0.13856060271628778
3-0,010,2,364,0.088,0.3901098901098901,0.30252851810965675,0.5928338762214984,0.3544497223573521,-0.035660167752538
3-0,011,0,74,0.801,2.364864864864865,1.5638585026282141,0.22839506172839505,1.7468044001760912,-0.6180604646887737
3-0,011,1,118,0.636,1.5847457627118644,0.9482677902621723,0.32065217391304346,1.1523558357759323,-0.43238992693593215
3-0,011,2,178,0.3,0.7247191011235955,0.42511068943706515,0.4158878504672897,0.5497141877552951,-0.17500491336830037
3-0,100,0,23,-0.087,1.2608695652173914,1.3476044852191642,0.08424908424908426,1.3402971476365972,0.07942758241920589
3-0,100,1,62,0.071,0.967741935483871,0.8972312297331005,0.1987179487179487,0.9112429725425485,-0.056498962941322506
3-0,100,2,128,0.19,0.5078125,0.31787709497206706,0.3386243386243386,0.3821938458809967,-0.1256186541190033
3-0,101,0,33,-0.23,1.5757575757575757,1.8052609249045397,0.1166077738515901,1.778499050269028,0.2027414745114524
3-0,101,1,65,0.628,1.7846153846153847,1.1564871016691958,0.20634920634920634,1.2861008743406317,-0.498514510274753
3-0,101,2,80,0.212,0.6375,0.42596026490066224,0.24242424242424243,0.4772426249247441,-0.16025737507525584
3-0,110,0,30,0.47,2.433333333333333,1.9629408248655111,0.10714285714285714,2.0133400222013496,-0.41999331113198357
3-0,110,1,108,0.054,1.3796296296296295,1.3261243548783486,0.3016759776536313,1.3422656109485673,-0.037364018681062205
3-0,110,2,119,0.059,0.5882352941176471,0.5294473578055667,0.3224932249322493,0.5484060689739613,-0.03982922514368581
3-0,111,0,23,0.124,2.4782608695652173,2.3540916109109626,0.08424908424908426,2.3645527572444713,-0.11370811232074596
3-0,111,1,31,0.721,2.2580645161290325,1.5369205683671092,0.1103202846975089,1.6164773739920901,-0.6415871421369423
3-0,111,2,63,0.355,1.126984126984127,0.7720456979650125,0.2012779552715655,0.8434869792052815,-0.2834971477788455
3-1,000,0,2575,0.201,0.6904854368932039,0.48962984633387735,0.911504424778761,0.6727106058702546,-0.0177748310229493
3-1,000,1,1965,0.143,0.4035623409669211,0.26008141392281137,0.8871331828442438,0.38736810540889516,-0.01619423555802596
3-1,000,2,1678,0.063,0.1632896305125149,0.09997459672297726,0.8703319502074689,0.15507969355847737,-0.008209936954037544
3-1,001,0,569,0.323,1.2038664323374342,0.8808789650894914,0.6947496947496947,1.1052744093679767,-0.09859202296945746
3-1,001,1,720,0.221,0.7319444444444444,0.5108631496107254,0.7422680412371134,0.6749647292811147,-0.05697971516332967
3-1,001,2,700,0.112,0.32142857142857145,0.20985695922107048,0.7368421052631579,0.29206762084765014,-0.029360950580921308
3-1,010,0,234,0.387,1.5299145299145298,1.1427499732075876,0.4834710743801653,1.3299328374006134,-0.1999816925139164
3-1,010,1,388,0.135,0.7860824742268041,0.6513549471325537,0.6081504702194357,0.7332895560864239,-0.05279291814038023
3-1,010,2,485,0.069,0.3711340206185567,0.30252851810965675,0.6598639455782312,0.34779881568355675,-0.023335204934999965
3-1,011,0,132,0.398,1.9621212121212122,1.5638585026282141,0.34554973821989526,1.7014780776362657,-0.26064313448494647
3-1,011,1,238,0.329,1.2773109243697478,0.9482677902621723,0.48770491803278687,1.1087437450113589,-0.16856717935838894
3-1,011,2,349,0.26,0.6848137535816619,0.42511068943706515,0.5826377295492488,0.5764234930872558,-0.10839026049440603
3-1,100,0,40,0.327,1.675,1.3476044852191642,0.13793103448275862,1.3927624872579,-0.28223751274209996
3-1,100,1,102,0.132,1.0294117647058822,0.8972312297331005,0.2897727272727273,0.9355335438445316,-0.09387822086135067
3-1,100,2,186,0.091,0.40860215053763443,0.31787709497206706,0.42660550458715596,0.3565809030803137,-0.05202124745732073
3-1,101,0,42,0.195,2,1.8052609249045397,0.14383561643835616,1.8332713398155305,-0.16672866018446952
3-1,101,1,90,0.288,1.4444444444444444,1.1564871016691958,0.2647058823529412,1.2327111041685264,-0.21173334027591806
3-1,101,2,166,0.195,0.6204819277108434,0.42596026490066224,0.39903846153846156,0.5035818899643403,-0.11690003774650315
3-1,110,0,40,0.462,2.425,1.9629408248655111,0.13793103448275862,2.026673124884061,-0.3983268751159388
3-1,110,1,109,0.078,1.4036697247706422,1.3261243548783486,0.30362116991643456,1.3496687708066493,-0.05400095396399296
3-1,110,2,137,-0.011,0.5182481751824818,0.5294473578055667,0.35400516795865633,0.5254827892800819,0.007234614097600067
3-1,111,0,42,0.551,2.9047619047619047,2.3540916109109626,0.14383561643835616,2.433297612081304,-0.47146429268060075
3-1,111,1,76,0.147,1.6842105263157894,1.5369205683671092,0.2331288343558282,1.571258104576004,-0.11295242173978548
3-1,111,2,112,0.344,1.1160714285714286,0.7720456979650125,0.30939226519337015,0.8784845980421359,-0.23758683052929275
3-2,000,0,6563,0.075,0.5643760475392351,0.48962984633387735,0.963305445471892,0.5616332689833362,-0.0027427785558988838
3-2,000,1,5039,0.045,0.30541774161539986,0.26008141392281137,0.9527320854603895,0.3032747879524868,-0.0021429536629130608
3-2,000,2,4230,0.028,0.1276595744680851,0.09997459672297726,0.9441964285714286,0.12611465383498754,-0.0015449206330975518
3-2,001,0,1153,0.159,1.0398959236773635,0.8808789650894914,0.8218104062722738,1.0115607564307718,-0.028335167246591686
3-2,001,1,1516,0.089,0.5996042216358839,0.5108631496107254,0.8584371460928653,0.5870417822212239,-0.012562439414659954
3-2,001,2,1577,0.017,0.2270133164235891,0.20985695922107048,0.8631636562671046,0.22466570323222093,-0.0023476131913681697
3-2,010,0,540,0.065,1.2074074074074075,1.1427499732075876,0.6835443037974683,1.1869461940530341,-0.020461213354373342
3-2,010,1,906,0.106,0.7571743929359823,0.6513549471325537,0.7837370242214533,0.7342895646912961,-0.022884828244686184
3-2,010,2,1202,-0.008,0.2945091514143095,0.30252851810965675,0.8278236914600551,0.2958898963687426,0.0013807449544330774
3-2,011,0,295,0.304,1.8677966101694916,1.5638585026282141,0.5412844036697247,1.7283754599211991,-0.1394211502482925
3-2,011,1,577,0.095,1.0433275563258233,0.9482677902621723,0.6977025392986699,1.0145912304299192,-0.028736325895904136
3-2,011,2,777,0.087,0.5122265122265123,0.42511068943706515,0.7565725413826679,0.4910201288795193,-0.021206383346992985
3-2,100,0,77,-0.075,1.2727272727272727,1.3476044852191642,0.23547400611620795,1.329972848026884,0.05724557529961127
3-2,100,1,246,0.013,0.9105691056910569,0.8972312297331005,0.4959677419354839,0.9038463859541837,-0.006722719736873217
3-2,100,2,419,-0.003,0.315035799522673,0.31787709497206706,0.6263079222720478,0.31609756912259607,0.0010617695999230459
3-2,101,0,102,0.067,1.8725490196078431,1.8052609249045397,0.2897727272727273,1.8247591796197016,-0.04778983998814157
3-2,101,1,202,-0.265,0.8910891089108911,1.1564871016691958,0.4469026548672566,1.0378800341090686,0.1467909251981775
3-2,101,2,318,0.09,0.5157232704402516,0.42596026490066224,0.5598591549295775,0.4762149053259957,-0.03950836511425587
3-2,110,0,103,0.115,2.0776699029126213,1.9629408248655111,0.29178470254957506,1.9964170147772742,-0.08125288813534715
3-2,110,1,237,0.159,1.4852320675105486,1.3261243548783486,0.486652977412731,1.403554596960138,-0.08167747055041064
3-2,110,2,367,-0.083,0.44686648501362397,0.5294473578055667,0.5948136142625607,0.4803271303912345,0.03346064537761051
3-2,111,0,59,-0.032,2.3220338983050848,2.3540916109109626,0.19093851132686085,2.3479705589894517,0.025936660684366952
3-2,111,1,183,0.037,1.5737704918032787,1.5369205683671092,0.4226327944572748,1.5524945544844742,-0.021275937318804505
3-2,111,2,276,0.137,0.9094202898550725,0.7720456979650125,0.5247148288973384,0.8441281834434471,-0.06529210641162542
